Unnamed: 0,Names,Year, Wins,Losses,Ties,Points For,Points Against,Home Wins,Home Losses,Home Ties,Road Wins,Road Losses,Road Ties,Division Wins,Division Losses,Division Ties,Conference Wins,Conference Losses,Conference Ties,Non-Conference Wins,Non-Conference Losses,Non-Conference Ties,Last Five Wins,Last Five Losses,Last Five Ties
0,New York Jets, 2002,9,7,0,359,336,5,3,0,4,4,0,4,2,0,6,6,0,3,1,0,3,2,0
1,New England Patriots, 2002,9,7,0,381,346,5,3,0,4,4,0,4,2,0,6,6,0,3,1,0,3,2,0
2,Miami Dolphins, 2002,9,7,0,378,301,7,1,0,2,6,0,2,4,0,7,5,0,2,2,0,2,3,0
3,Buffalo Bills, 2002,8,8,0,379,397,5,3,0,3,5,0,2,4,0,5,7,0,3,1,0,3,2,0
4,Pittsburgh Steelers, 2002,10,5,1,390,345,5,2,1,5,3,0,6,0,0,8,4,0,2,1,1,4,1,0
5,Cleveland Browns, 2002,9,7,0,344,320,3,5,0,6,2,0,3,3,0,7,5,0,2,2,0,3,2,0
6,Baltimore Ravens, 2002,7,9,0,316,354,4,4,0,3,5,0,3,3,0,7,5,0,0,4,0,2,3,0
7,Cincinnati Bengals, 2002,2,14,0,279,456,1,7,0,1,7,0,0,6,0,1,11,0,1,3,0,1,4,0
8,Tennessee Titans, 2002,11,5,0,367,324,6,2,0,5,3,0,6,0,0,9,3,0,2,2,0,5,0,0
9,Indianapolis Colts, 2002,10,6,0,349,313,5,3,0,5,3,0,4,2,0,8,4,0,2,2,0,3,2,0
10,Jacksonville Jaguars, 2002,6,10,0,328,315,3,5,0,3,5,0,1,5,0,4,8,0,2,2,0,1,4,0
11,Houston Texans, 2002,4,12,0,213,356,2,6,0,2,6,0,1,5,0,2,10,0,2,2,0,1,4,0
12,Las Vegas Raiders, 2002,11,5,0,450,304,6,2,0,5,3,0,4,2,0,9,3,0,2,2,0,4,1,0
13,Denver Broncos, 2002,9,7,0,392,344,5,3,0,4,4,0,3,3,0,5,7,0,4,0,0,2,3,0
14,Los Angeles Chargers, 2002,8,8,0,333,367,5,3,0,3,5,0,3,3,0,6,6,0,2,2,0,1,4,0
15,Kansas City Chiefs, 2002,8,8,0,467,399,6,2,0,2,6,0,2,4,0,6,6,0,2,2,0,3,2,0
16,Philadelphia Eagles, 2002,12,4,0,415,241,7,1,0,5,3,0,5,1,0,11,1,0,1,3,0,4,1,0
17,New York Giants, 2002,10,6,0,320,279,5,3,0,5,3,0,5,1,0,8,4,0,2,2,0,4,1,0
18,Washington Commanders, 2002,7,9,0,307,365,5,3,0,2,6,0,1,5,0,4,8,0,3,1,0,2,3,0
19,Dallas Cowboys, 2002,5,11,0,217,329,4,4,0,1,7,0,1,5,0,3,9,0,2,2,0,1,4,0
20,Green Bay Packers, 2002,12,4,0,398,328,8,0,0,4,4,0,5,1,0,9,3,0,3,1,0,4,1,0
21,Minnesota Vikings, 2002,6,10,0,390,442,4,4,0,2,6,0,4,2,0,5,7,0,1,3,0,3,2,0
22,Chicago Bears, 2002,4,12,0,281,379,3,5,0,1,7,0,2,4,0,3,9,0,1,3,0,1,4,0
23,Detroit Lions, 2002,3,13,0,306,451,3,5,0,0,8,0,1,5,0,3,9,0,0,4,0,0,5,0
24,Tampa Bay Buccaneers, 2002,12,4,0,346,196,6,2,0,6,2,0,4,2,0,9,3,0,3,1,0,3,2,0
25,Atlanta Falcons, 2002,9,6,1,402,314,5,3,0,4,3,1,4,2,0,7,5,0,2,1,1,2,3,0
26,New Orleans Saints, 2002,9,7,0,432,388,4,4,0,5,3,0,3,3,0,7,5,0,2,2,0,2,3,0
27,Carolina Panthers, 2002,7,9,0,258,302,4,4,0,3,5,0,1,5,0,4,8,0,3,1,0,4,1,0
28,San Francisco 49ers, 2002,10,6,0,367,351,5,3,0,5,3,0,5,1,0,8,4,0,2,2,0,3,2,0
29,Los Angeles Rams, 2002,7,9,0,316,369,6,2,0,1,7,0,4,2,0,5,7,0,2,2,0,2,3,0
30,Seattle Seahawks, 2002,7,9,0,355,369,3,5,0,4,4,0,2,4,0,5,7,0,2,2,0,3,2,0
31,Arizona Cardinals, 2002,5,11,0,262,417,3,5,0,2,6,0,1,5,0,5,7,0,0,4,0,1,4,0
0,New England Patriots, 2003,14,2,0,348,238,8,0,0,6,2,0,5,1,0,11,1,0,3,1,0,5,0,0
1,Miami Dolphins, 2003,10,6,0,311,261,4,4,0,6,2,0,4,2,0,7,5,0,3,1,0,3,2,0
2,Buffalo Bills, 2003,6,10,0,243,279,4,4,0,2,6,0,2,4,0,4,8,0,2,2,0,2,3,0
3,New York Jets, 2003,6,10,0,283,299,4,4,0,2,6,0,1,5,0,6,6,0,0,4,0,2,3,0
4,Baltimore Ravens, 2003,10,6,0,391,281,7,1,0,3,5,0,4,2,0,7,5,0,3,1,0,4,1,0
5,Cincinnati Bengals, 2003,8,8,0,346,384,5,3,0,3,5,0,3,3,0,6,6,0,2,2,0,2,3,0
6,Pittsburgh Steelers, 2003,6,10,0,300,327,4,4,0,2,6,0,3,3,0,5,7,0,1,3,0,2,3,0
7,Cleveland Browns, 2003,5,11,0,254,322,2,6,0,3,5,0,2,4,0,3,9,0,2,2,0,1,4,0
8,Indianapolis Colts, 2003,12,4,0,447,336,5,3,0,7,1,0,5,1,0,9,3,0,3,1,0,3,2,0
9,Tennessee Titans, 2003,12,4,0,435,324,7,1,0,5,3,0,4,2,0,8,4,0,4,0,0,3,2,0
10,Jacksonville Jaguars, 2003,5,11,0,276,331,5,3,0,0,8,0,2,4,0,3,9,0,2,2,0,3,2,0
11,Houston Texans, 2003,5,11,0,255,380,3,5,0,2,6,0,1,5,0,3,9,0,2,2,0,1,4,0
12,Kansas City Chiefs, 2003,13,3,0,484,332,8,0,0,5,3,0,5,1,0,10,2,0,3,1,0,3,2,0
13,Denver Broncos, 2003,10,6,0,381,301,6,2,0,4,4,0,5,1,0,9,3,0,1,3,0,4,1,0
14,Las Vegas Raiders, 2003,4,12,0,270,379,4,4,0,0,8,0,1,5,0,3,9,0,1,3,0,1,4,0
15,Los Angeles Chargers, 2003,4,12,0,313,441,2,6,0,2,6,0,1,5,0,2,10,0,2,2,0,2,3,0
16,Philadelphia Eagles, 2003,12,4,0,374,287,5,3,0,7,1,0,5,1,0,9,3,0,3,1,0,4,1,0
17,Dallas Cowboys, 2003,10,6,0,289,260,6,2,0,4,4,0,5,1,0,8,4,0,2,2,0,2,3,0
18,Washington Commanders, 2003,5,11,0,287,372,3,5,0,2,6,0,1,5,0,3,9,0,2,2,0,1,4,0
19,New York Giants, 2003,4,12,0,243,387,1,7,0,3,5,0,1,5,0,3,9,0,1,3,0,0,5,0
20,Green Bay Packers, 2003,10,6,0,442,307,5,3,0,5,3,0,4,2,0,7,5,0,3,1,0,4,1,0
21,Minnesota Vikings, 2003,9,7,0,416,353,6,2,0,3,5,0,4,2,0,7,5,0,2,2,0,2,3,0
22,Chicago Bears, 2003,7,9,0,283,346,6,2,0,1,7,0,2,4,0,4,8,0,3,1,0,3,2,0
23,Detroit Lions, 2003,5,11,0,270,379,5,3,0,0,8,0,2,4,0,4,8,0,1,3,0,2,3,0
24,Carolina Panthers, 2003,11,5,0,325,304,6,2,0,5,3,0,5,1,0,9,3,0,2,2,0,3,2,0
25,New Orleans Saints, 2003,8,8,0,340,326,5,3,0,3,5,0,3,3,0,7,5,0,1,3,0,3,2,0
26,Tampa Bay Buccaneers, 2003,7,9,0,301,264,3,5,0,4,4,0,2,4,0,6,6,0,1,3,0,2,3,0
27,Atlanta Falcons, 2003,5,11,0,299,422,2,6,0,3,5,0,2,4,0,4,8,0,1,3,0,3,2,0
28,Los Angeles Rams, 2003,12,4,0,447,328,8,0,0,4,4,0,4,2,0,8,4,0,4,0,0,4,1,0
29,Seattle Seahawks, 2003,10,6,0,404,327,8,0,0,2,6,0,5,1,0,8,4,0,2,2,0,3,2,0
30,San Francisco 49ers, 2003,7,9,0,384,337,6,2,0,1,7,0,2,4,0,6,6,0,1,3,0,2,3,0
31,Arizona Cardinals, 2003,4,12,0,225,452,4,4,0,0,8,0,1,5,0,3,9,0,1,3,0,1,4,0
0,New England Patriots, 2004,14,2,0,437,260,8,0,0,6,2,0,5,1,0,10,2,0,4,0,0,4,1,0
1,New York Jets, 2004,10,6,0,333,261,6,2,0,4,4,0,3,3,0,7,5,0,3,1,0,2,3,0
2,Buffalo Bills, 2004,9,7,0,395,284,5,3,0,4,4,0,3,3,0,5,7,0,4,0,0,4,1,0
3,Miami Dolphins, 2004,4,12,0,275,354,3,5,0,1,7,0,1,5,0,2,10,0,2,2,0,2,3,0
4,Pittsburgh Steelers, 2004,15,1,0,372,251,8,0,0,7,1,0,5,1,0,11,1,0,4,0,0,5,0,0
5,Baltimore Ravens, 2004,9,7,0,317,268,6,2,0,3,5,0,3,3,0,6,6,0,3,1,0,2,3,0
6,Cincinnati Bengals, 2004,8,8,0,374,372,5,3,0,3,5,0,2,4,0,4,8,0,4,0,0,3,2,0
7,Cleveland Browns, 2004,4,12,0,276,390,3,5,0,1,7,0,2,4,0,3,9,0,1,3,0,1,4,0
8,Indianapolis Colts, 2004,12,4,0,522,351,7,1,0,5,3,0,5,1,0,8,4,0,4,0,0,4,1,0
9,Jacksonville Jaguars, 2004,9,7,0,261,280,4,4,0,5,3,0,2,4,0,6,6,0,3,1,0,3,2,0
10,Houston Texans, 2004,7,9,0,309,339,3,5,0,4,4,0,4,2,0,6,6,0,1,3,0,2,3,0
11,Tennessee Titans, 2004,5,11,0,344,439,2,6,0,3,5,0,1,5,0,3,9,0,2,2,0,1,4,0
12,Los Angeles Chargers, 2004,12,4,0,446,313,7,1,0,5,3,0,5,1,0,9,3,0,3,1,0,4,1,0
13,Denver Broncos, 2004,10,6,0,381,304,6,2,0,4,4,0,3,3,0,7,5,0,3,1,0,3,2,0
14,Kansas City Chiefs, 2004,7,9,0,483,435,4,4,0,3,5,0,3,3,0,6,6,0,1,3,0,4,1,0
15,Las Vegas Raiders, 2004,5,11,0,320,442,3,5,0,2,6,0,1,5,0,3,9,0,2,2,0,1,4,0
16,Philadelphia Eagles, 2004,13,3,0,386,260,7,1,0,6,2,0,6,0,0,11,1,0,2,2,0,3,2,0
17,New York Giants, 2004,6,10,0,303,347,3,5,0,3,5,0,3,3,0,5,7,0,1,3,0,1,4,0
18,Dallas Cowboys, 2004,6,10,0,293,405,4,4,0,2,6,0,2,4,0,5,7,0,1,3,0,2,3,0
19,Washington Commanders, 2004,6,10,0,240,265,3,5,0,3,5,0,1,5,0,6,6,0,0,4,0,3,2,0
20,Green Bay Packers, 2004,10,6,0,424,380,4,4,0,6,2,0,5,1,0,9,3,0,1,3,0,3,2,0
21,Minnesota Vikings, 2004,8,8,0,405,395,5,3,0,3,5,0,3,3,0,5,7,0,3,1,0,1,4,0
22,Detroit Lions, 2004,6,10,0,296,350,3,5,0,3,5,0,2,4,0,5,7,0,1,3,0,2,3,0
23,Chicago Bears, 2004,5,11,0,231,331,2,6,0,3,5,0,2,4,0,4,8,0,1,3,0,1,4,0
24,Atlanta Falcons, 2004,11,5,0,340,337,7,1,0,4,4,0,4,2,0,8,4,0,3,1,0,2,3,0
25,New Orleans Saints, 2004,8,8,0,348,405,3,5,0,5,3,0,3,3,0,6,6,0,2,2,0,4,1,0
26,Carolina Panthers, 2004,7,9,0,355,339,3,5,0,4,4,0,3,3,0,6,6,0,1,3,0,3,2,0
27,Tampa Bay Buccaneers, 2004,5,11,0,301,304,4,4,0,1,7,0,2,4,0,4,8,0,1,3,0,1,4,0
28,Seattle Seahawks, 2004,9,7,0,371,373,5,3,0,4,4,0,3,3,0,8,4,0,1,3,0,3,2,0
29,Los Angeles Rams, 2004,8,8,0,319,392,6,2,0,2,6,0,5,1,0,7,5,0,1,3,0,3,2,0
30,Arizona Cardinals, 2004,6,10,0,284,322,5,3,0,1,7,0,2,4,0,5,7,0,1,3,0,2,3,0
31,San Francisco 49ers, 2004,2,14,0,259,452,1,7,0,1,7,0,2,4,0,2,10,0,0,4,0,1,4,0
0,New England Patriots, 2005,10,6,0,379,338,5,3,0,5,3,0,5,1,0,7,5,0,3,1,0,4,1,0
1,Miami Dolphins, 2005,9,7,0,318,317,5,3,0,4,4,0,3,3,0,7,5,0,2,2,0,5,0,0
2,Buffalo Bills, 2005,5,11,0,271,367,4,4,0,1,7,0,2,4,0,5,7,0,0,4,0,1,4,0
3,New York Jets, 2005,4,12,0,240,355,4,4,0,0,8,0,2,4,0,3,9,0,1,3,0,2,3,0
4,Cincinnati Bengals, 2005,11,5,0,421,350,5,3,0,6,2,0,5,1,0,7,5,0,4,0,0,3,2,0
5,Pittsburgh Steelers, 2005,11,5,0,389,258,5,3,0,6,2,0,4,2,0,7,5,0,4,0,0,4,1,0
6,Baltimore Ravens, 2005,6,10,0,265,299,6,2,0,0,8,0,2,4,0,4,8,0,2,2,0,3,2,0
7,Cleveland Browns, 2005,6,10,0,232,301,4,4,0,2,6,0,1,5,0,4,8,0,2,2,0,2,3,0
8,Indianapolis Colts, 2005,14,2,0,439,247,7,1,0,7,1,0,6,0,0,11,1,0,3,1,0,3,2,0
9,Jacksonville Jaguars, 2005,12,4,0,361,269,6,2,0,6,2,0,4,2,0,9,3,0,3,1,0,4,1,0
10,Tennessee Titans, 2005,4,12,0,299,421,3,5,0,1,7,0,2,4,0,3,9,0,1,3,0,1,4,0
11,Houston Texans, 2005,2,14,0,260,431,2,6,0,0,8,0,0,6,0,1,11,0,1,3,0,1,4,0
12,Denver Broncos, 2005,13,3,0,395,258,8,0,0,5,3,0,5,1,0,10,2,0,3,1,0,4,1,0
13,Kansas City Chiefs, 2005,10,6,0,403,325,7,1,0,3,5,0,4,2,0,9,3,0,1,3,0,3,2,0
14,Los Angeles Chargers, 2005,9,7,0,418,312,4,4,0,5,3,0,3,3,0,7,5,0,2,2,0,2,3,0
15,Las Vegas Raiders, 2005,4,12,0,290,383,2,6,0,2,6,0,0,6,0,2,10,0,2,2,0,0,5,0
16,New York Giants, 2005,11,5,0,422,314,7,1,0,4,4,0,4,2,0,8,4,0,3,1,0,4,1,0
17,Washington Commanders, 2005,10,6,0,359,293,6,2,0,4,4,0,5,1,0,10,2,0,0,4,0,5,0,0
18,Dallas Cowboys, 2005,9,7,0,325,308,5,3,0,4,4,0,3,3,0,7,5,0,2,2,0,2,3,0
19,Philadelphia Eagles, 2005,6,10,0,310,388,4,4,0,2,6,0,0,6,0,3,9,0,3,1,0,1,4,0
20,Chicago Bears, 2005,11,5,0,260,202,7,1,0,4,4,0,5,1,0,10,2,0,1,3,0,3,2,0
21,Minnesota Vikings, 2005,9,7,0,306,344,6,2,0,3,5,0,5,1,0,8,4,0,1,3,0,3,2,0
22,Detroit Lions, 2005,5,11,0,254,345,3,5,0,2,6,0,1,5,0,3,9,0,2,2,0,1,4,0
23,Green Bay Packers, 2005,4,12,0,298,344,3,5,0,1,7,0,1,5,0,4,8,0,0,4,0,2,3,0
24,Tampa Bay Buccaneers, 2005,11,5,0,300,274,6,2,0,5,3,0,5,1,0,9,3,0,2,2,0,4,1,0
25,Carolina Panthers, 2005,11,5,0,391,259,5,3,0,6,2,0,4,2,0,8,4,0,3,1,0,3,2,0
26,Atlanta Falcons, 2005,8,8,0,351,341,4,4,0,4,4,0,2,4,0,5,7,0,3,1,0,1,4,0
27,New Orleans Saints, 2005,3,13,0,235,398,1,7,0,2,6,0,1,5,0,1,11,0,2,2,0,0,5,0
28,Seattle Seahawks, 2005,13,3,0,452,271,8,0,0,5,3,0,6,0,0,10,2,0,3,1,0,4,1,0
29,Los Angeles Rams, 2005,6,10,0,363,429,3,5,0,3,5,0,1,5,0,3,9,0,3,1,0,1,4,0
30,Arizona Cardinals, 2005,5,11,0,311,387,3,5,0,2,6,0,3,3,0,4,8,0,1,3,0,2,3,0
31,San Francisco 49ers, 2005,4,12,0,239,428,3,5,0,1,7,0,2,4,0,3,9,0,1,3,0,2,3,0
0,New England Patriots, 2006,12,4,0,385,237,5,3,0,7,1,0,4,2,0,8,4,0,4,0,0,4,1,0
1,New York Jets, 2006,10,6,0,316,295,4,4,0,6,2,0,4,2,0,7,5,0,3,1,0,4,1,0
2,Buffalo Bills, 2006,7,9,0,300,311,4,4,0,3,5,0,3,3,0,5,7,0,2,2,0,2,3,0
3,Miami Dolphins, 2006,6,10,0,260,283,4,4,0,2,6,0,1,5,0,3,9,0,3,1,0,1,4,0
4,Baltimore Ravens, 2006,13,3,0,353,201,7,1,0,6,2,0,5,1,0,10,2,0,3,1,0,4,1,0
5,Cincinnati Bengals, 2006,8,8,0,373,331,4,4,0,4,4,0,4,2,0,6,6,0,2,2,0,2,3,0
6,Pittsburgh Steelers, 2006,8,8,0,353,315,5,3,0,3,5,0,3,3,0,5,7,0,3,1,0,4,1,0
7,Cleveland Browns, 2006,4,12,0,238,356,2,6,0,2,6,0,0,6,0,3,9,0,1,3,0,1,4,0
8,Indianapolis Colts, 2006,12,4,0,427,360,8,0,0,4,4,0,3,3,0,9,3,0,3,1,0,2,3,0
9,Tennessee Titans, 2006,8,8,0,324,400,4,4,0,4,4,0,4,2,0,5,7,0,3,1,0,4,1,0
10,Jacksonville Jaguars, 2006,8,8,0,371,274,6,2,0,2,6,0,2,4,0,5,7,0,3,1,0,2,3,0
11,Houston Texans, 2006,6,10,0,267,366,4,4,0,2,6,0,3,3,0,6,6,0,0,4,0,3,2,0
12,Los Angeles Chargers, 2006,14,2,0,492,303,8,0,0,6,2,0,5,1,0,10,2,0,4,0,0,5,0,0
13,Kansas City Chiefs, 2006,9,7,0,331,315,6,2,0,3,5,0,4,2,0,5,7,0,4,0,0,2,3,0
14,Denver Broncos, 2006,9,7,0,319,305,4,4,0,5,3,0,3,3,0,8,4,0,1,3,0,2,3,0
15,Las Vegas Raiders, 2006,2,14,0,168,332,2,6,0,0,8,0,0,6,0,1,11,0,1,3,0,0,5,0
16,Philadelphia Eagles, 2006,10,6,0,398,328,5,3,0,5,3,0,5,1,0,9,3,0,1,3,0,5,0,0
17,Dallas Cowboys, 2006,9,7,0,425,350,4,4,0,5,3,0,2,4,0,6,6,0,3,1,0,2,3,0
18,New York Giants, 2006,8,8,0,355,362,3,5,0,5,3,0,4,2,0,7,5,0,1,3,0,2,3,0
19,Washington Commanders, 2006,5,11,0,307,376,3,5,0,2,6,0,1,5,0,3,9,0,2,2,0,1,4,0
20,Chicago Bears, 2006,13,3,0,427,255,6,2,0,7,1,0,5,1,0,11,1,0,2,2,0,4,1,0
21,Green Bay Packers, 2006,8,8,0,301,366,3,5,0,5,3,0,5,1,0,7,5,0,1,3,0,4,1,0
22,Minnesota Vikings, 2006,6,10,0,282,327,3,5,0,3,5,0,2,4,0,6,6,0,0,4,0,1,4,0
23,Detroit Lions, 2006,3,13,0,305,398,2,6,0,1,7,0,0,6,0,2,10,0,1,3,0,1,4,0
24,New Orleans Saints, 2006,10,6,0,413,322,4,4,0,6,2,0,4,2,0,9,3,0,1,3,0,3,2,0
25,Carolina Panthers, 2006,8,8,0,270,305,4,4,0,4,4,0,5,1,0,6,6,0,2,2,0,2,3,0
26,Atlanta Falcons, 2006,7,9,0,292,328,3,5,0,4,4,0,3,3,0,5,7,0,2,2,0,2,3,0
27,Tampa Bay Buccaneers, 2006,4,12,0,211,353,3,5,0,1,7,0,0,6,0,2,10,0,2,2,0,1,4,0
28,Seattle Seahawks, 2006,9,7,0,335,341,5,3,0,4,4,0,3,3,0,7,5,0,2,2,0,2,3,0
29,Los Angeles Rams, 2006,8,8,0,367,381,4,4,0,4,4,0,2,4,0,6,6,0,2,2,0,3,2,0
30,San Francisco 49ers, 2006,7,9,0,298,412,4,4,0,3,5,0,3,3,0,5,7,0,2,2,0,2,3,0
31,Arizona Cardinals, 2006,5,11,0,314,389,3,5,0,2,6,0,4,2,0,5,7,0,0,4,0,3,2,0
0,New England Patriots, 2007,16,0,0,589,274,8,0,0,8,0,0,6,0,0,12,0,0,4,0,0,5,0,0
1,Buffalo Bills, 2007,7,9,0,252,354,4,4,0,3,5,0,4,2,0,6,6,0,1,3,0,2,3,0
2,New York Jets, 2007,4,12,0,268,355,3,5,0,1,7,0,2,4,0,4,8,0,0,4,0,2,3,0
3,Miami Dolphins, 2007,1,15,0,267,437,1,7,0,0,8,0,0,6,0,1,11,0,0,4,0,1,4,0
4,Pittsburgh Steelers, 2007,10,6,0,393,269,7,1,0,3,5,0,5,1,0,7,5,0,3,1,0,2,3,0
5,Cleveland Browns, 2007,10,6,0,402,382,7,1,0,3,5,0,3,3,0,7,5,0,3,1,0,3,2,0
6,Cincinnati Bengals, 2007,7,9,0,380,385,5,3,0,2,6,0,3,3,0,6,6,0,1,3,0,3,2,0
7,Baltimore Ravens, 2007,5,11,0,275,384,4,4,0,1,7,0,1,5,0,2,10,0,3,1,0,1,4,0
8,Indianapolis Colts, 2007,13,3,0,450,262,6,2,0,7,1,0,5,1,0,9,3,0,4,0,0,4,1,0
9,Jacksonville Jaguars, 2007,11,5,0,411,304,6,2,0,5,3,0,2,4,0,8,4,0,3,1,0,3,2,0
10,Tennessee Titans, 2007,10,6,0,301,297,5,3,0,5,3,0,4,2,0,7,5,0,3,1,0,4,1,0
11,Houston Texans, 2007,8,8,0,379,384,6,2,0,2,6,0,1,5,0,5,7,0,3,1,0,3,2,0
12,Los Angeles Chargers, 2007,11,5,0,412,284,7,1,0,4,4,0,5,1,0,9,3,0,2,2,0,5,0,0
13,Denver Broncos, 2007,7,9,0,320,409,5,3,0,2,6,0,3,3,0,6,6,0,1,3,0,2,3,0
14,Kansas City Chiefs, 2007,4,12,0,226,335,2,6,0,2,6,0,2,4,0,3,9,0,1,3,0,0,5,0
15,Las Vegas Raiders, 2007,4,12,0,283,398,2,6,0,2,6,0,2,4,0,4,8,0,0,4,0,1,4,0
16,Dallas Cowboys, 2007,13,3,0,455,325,6,2,0,7,1,0,4,2,0,10,2,0,3,1,0,3,2,0
17,New York Giants, 2007,10,6,0,373,351,3,5,0,7,1,0,3,3,0,7,5,0,3,1,0,3,2,0
18,Washington Commanders, 2007,9,7,0,334,310,5,3,0,4,4,0,3,3,0,7,5,0,2,2,0,4,1,0
19,Philadelphia Eagles, 2007,8,8,0,336,300,3,5,0,5,3,0,2,4,0,5,7,0,3,1,0,3,2,0
20,Green Bay Packers, 2007,13,3,0,435,291,7,1,0,6,2,0,4,2,0,9,3,0,4,0,0,3,2,0
21,Minnesota Vikings, 2007,8,8,0,365,311,5,3,0,3,5,0,3,3,0,6,6,0,2,2,0,3,2,0
22,Detroit Lions, 2007,7,9,0,346,444,5,3,0,2,6,0,3,3,0,4,8,0,3,1,0,1,4,0
23,Chicago Bears, 2007,7,9,0,334,348,4,4,0,3,5,0,2,4,0,4,8,0,3,1,0,2,3,0
24,Tampa Bay Buccaneers, 2007,9,7,0,334,270,6,2,0,3,5,0,5,1,0,8,4,0,1,3,0,2,3,0
25,Carolina Panthers, 2007,7,9,0,267,347,2,6,0,5,3,0,3,3,0,7,5,0,0,4,0,3,2,0
26,New Orleans Saints, 2007,7,9,0,379,388,3,5,0,4,4,0,3,3,0,6,6,0,1,3,0,2,3,0
27,Atlanta Falcons, 2007,4,12,0,259,414,3,5,0,1,7,0,1,5,0,3,9,0,1,3,0,1,4,0
28,Seattle Seahawks, 2007,10,6,0,393,291,7,1,0,3,5,0,5,1,0,8,4,0,2,2,0,3,2,0
29,Arizona Cardinals, 2007,8,8,0,404,399,6,2,0,2,6,0,3,3,0,5,7,0,3,1,0,3,2,0
30,San Francisco 49ers, 2007,5,11,0,219,364,3,5,0,2,6,0,3,3,0,4,8,0,1,3,0,2,3,0
31,Los Angeles Rams, 2007,3,13,0,263,438,1,7,0,2,6,0,1,5,0,3,9,0,0,4,0,1,4,0
0,Miami Dolphins, 2008,11,5,0,345,317,5,3,0,6,2,0,4,2,0,8,4,0,3,1,0,5,0,0
1,New England Patriots, 2008,11,5,0,410,309,5,3,0,6,2,0,4,2,0,7,5,0,4,0,0,4,1,0
2,New York Jets, 2008,9,7,0,405,356,5,3,0,4,4,0,4,2,0,7,5,0,2,2,0,1,4,0
3,Buffalo Bills, 2008,7,9,0,336,342,3,5,0,4,4,0,0,6,0,5,7,0,2,2,0,1,4,0
4,Pittsburgh Steelers, 2008,12,4,0,347,223,6,2,0,6,2,0,6,0,0,10,2,0,2,2,0,4,1,0
5,Baltimore Ravens, 2008,11,5,0,385,244,6,2,0,5,3,0,4,2,0,8,4,0,3,1,0,4,1,0
6,Cincinnati Bengals, 2008,4,11,1,204,364,3,4,1,1,7,0,1,5,0,3,9,0,1,2,1,3,2,0
7,Cleveland Browns, 2008,4,12,0,232,350,1,7,0,3,5,0,1,5,0,3,9,0,1,3,0,0,5,0
8,Tennessee Titans, 2008,13,3,0,375,234,7,1,0,6,2,0,4,2,0,9,3,0,4,0,0,3,2,0
9,Indianapolis Colts, 2008,12,4,0,377,298,6,2,0,6,2,0,4,2,0,10,2,0,2,2,0,5,0,0
10,Houston Texans, 2008,8,8,0,366,394,6,2,0,2,6,0,2,4,0,5,7,0,3,1,0,4,1,0
11,Jacksonville Jaguars, 2008,5,11,0,302,367,2,6,0,3,5,0,2,4,0,3,9,0,2,2,0,1,4,0
12,Los Angeles Chargers, 2008,8,8,0,439,347,5,3,0,3,5,0,5,1,0,7,5,0,1,3,0,4,1,0
13,Denver Broncos, 2008,8,8,0,370,448,4,4,0,4,4,0,3,3,0,5,7,0,3,1,0,2,3,0
14,Las Vegas Raiders, 2008,5,11,0,263,388,2,6,0,3,5,0,2,4,0,4,8,0,1,3,0,2,3,0
15,Kansas City Chiefs, 2008,2,14,0,291,440,1,7,0,1,7,0,2,4,0,2,10,0,0,4,0,1,4,0
16,New York Giants, 2008,12,4,0,427,294,7,1,0,5,3,0,4,2,0,9,3,0,3,1,0,2,3,0
17,Philadelphia Eagles, 2008,9,6,1,416,289,6,2,0,3,4,1,2,4,0,7,5,0,2,1,1,4,1,0
18,Dallas Cowboys, 2008,9,7,0,362,365,6,2,0,3,5,0,3,3,0,7,5,0,2,2,0,2,3,0
19,Washington Commanders, 2008,8,8,0,265,296,4,4,0,4,4,0,3,3,0,7,5,0,1,3,0,1,4,0
20,Minnesota Vikings, 2008,10,6,0,379,333,6,2,0,4,4,0,4,2,0,8,4,0,2,2,0,4,1,0
21,Chicago Bears, 2008,9,7,0,375,350,6,2,0,3,5,0,4,2,0,7,5,0,2,2,0,3,2,0
22,Green Bay Packers, 2008,6,10,0,419,380,4,4,0,2,6,0,4,2,0,5,7,0,1,3,0,1,4,0
23,Detroit Lions, 2008,0,16,0,268,517,0,8,0,0,8,0,0,6,0,0,12,0,0,4,0,0,5,0
24,Carolina Panthers, 2008,12,4,0,414,329,8,0,0,4,4,0,4,2,0,8,4,0,4,0,0,4,1,0
25,Atlanta Falcons, 2008,11,5,0,391,325,7,1,0,4,4,0,3,3,0,8,4,0,3,1,0,4,1,0
26,Tampa Bay Buccaneers, 2008,9,7,0,361,323,6,2,0,3,5,0,3,3,0,8,4,0,1,3,0,1,4,0
27,New Orleans Saints, 2008,8,8,0,463,393,6,2,0,2,6,0,2,4,0,5,7,0,3,1,0,2,3,0
28,Arizona Cardinals, 2008,9,7,0,427,426,6,2,0,3,5,0,6,0,0,7,5,0,2,2,0,2,3,0
29,San Francisco 49ers, 2008,7,9,0,339,381,4,4,0,3,5,0,3,3,0,5,7,0,2,2,0,4,1,0
30,Seattle Seahawks, 2008,4,12,0,294,392,2,6,0,2,6,0,3,3,0,3,9,0,1,3,0,2,3,0
31,Los Angeles Rams, 2008,2,14,0,232,465,1,7,0,1,7,0,0,6,0,2,10,0,0,4,0,0,5,0
0,New England Patriots, 2009,10,6,0,427,285,8,0,0,2,6,0,4,2,0,7,5,0,3,1,0,3,2,0
1,New York Jets, 2009,9,7,0,348,236,4,4,0,5,3,0,2,4,0,7,5,0,2,2,0,4,1,0
2,Miami Dolphins, 2009,7,9,0,360,390,4,4,0,3,5,0,4,2,0,5,7,0,2,2,0,2,3,0
3,Buffalo Bills, 2009,6,10,0,258,326,3,5,0,3,5,0,2,4,0,4,8,0,2,2,0,2,3,0
4,Cincinnati Bengals, 2009,10,6,0,305,291,6,2,0,4,4,0,6,0,0,7,5,0,3,1,0,2,3,0
5,Baltimore Ravens, 2009,9,7,0,391,261,6,2,0,3,5,0,3,3,0,7,5,0,2,2,0,3,2,0
6,Pittsburgh Steelers, 2009,9,7,0,368,324,6,2,0,3,5,0,2,4,0,6,6,0,3,1,0,3,2,0
7,Cleveland Browns, 2009,5,11,0,245,375,3,5,0,2,6,0,1,5,0,5,7,0,0,4,0,4,1,0
8,Indianapolis Colts, 2009,14,2,0,416,307,7,1,0,7,1,0,6,0,0,10,2,0,4,0,0,3,2,0
9,Houston Texans, 2009,9,7,0,388,333,4,4,0,5,3,0,1,5,0,6,6,0,3,1,0,4,1,0
10,Tennessee Titans, 2009,8,8,0,354,402,5,3,0,3,5,0,2,4,0,4,8,0,4,0,0,3,2,0
11,Jacksonville Jaguars, 2009,7,9,0,290,380,5,3,0,2,6,0,3,3,0,6,6,0,1,3,0,1,4,0
12,Los Angeles Chargers, 2009,13,3,0,454,320,6,2,0,7,1,0,5,1,0,9,3,0,4,0,0,5,0,0
13,Denver Broncos, 2009,8,8,0,326,324,4,4,0,4,4,0,3,3,0,6,6,0,2,2,0,1,4,0
14,Las Vegas Raiders, 2009,5,11,0,197,379,2,6,0,3,5,0,2,4,0,4,8,0,1,3,0,2,3,0
15,Kansas City Chiefs, 2009,4,12,0,294,424,1,7,0,3,5,0,2,4,0,3,9,0,1,3,0,1,4,0
16,Dallas Cowboys, 2009,11,5,0,361,250,6,2,0,5,3,0,4,2,0,9,3,0,2,2,0,3,2,0
17,Philadelphia Eagles, 2009,11,5,0,429,337,6,2,0,5,3,0,4,2,0,9,3,0,2,2,0,4,1,0
18,New York Giants, 2009,8,8,0,402,427,4,4,0,4,4,0,4,2,0,6,6,0,2,2,0,2,3,0
19,Washington Commanders, 2009,4,12,0,266,336,3,5,0,1,7,0,0,6,0,2,10,0,2,2,0,1,4,0
20,Minnesota Vikings, 2009,12,4,0,470,312,8,0,0,4,4,0,5,1,0,9,3,0,3,1,0,2,3,0
21,Green Bay Packers, 2009,11,5,0,461,297,6,2,0,5,3,0,4,2,0,9,3,0,2,2,0,4,1,0
22,Chicago Bears, 2009,7,9,0,327,375,5,3,0,2,6,0,3,3,0,5,7,0,2,2,0,3,2,0
23,Detroit Lions, 2009,2,14,0,262,494,2,6,0,0,8,0,0,6,0,1,11,0,1,3,0,0,5,0
24,New Orleans Saints, 2009,13,3,0,510,341,6,2,0,7,1,0,4,2,0,9,3,0,4,0,0,2,3,0
25,Atlanta Falcons, 2009,9,7,0,363,325,6,2,0,3,5,0,3,3,0,6,6,0,3,1,0,3,2,0
26,Carolina Panthers, 2009,8,8,0,315,308,5,3,0,3,5,0,4,2,0,8,4,0,0,4,0,4,1,0
27,Tampa Bay Buccaneers, 2009,3,13,0,244,400,1,7,0,2,6,0,1,5,0,3,9,0,0,4,0,2,3,0
28,Arizona Cardinals, 2009,10,6,0,375,325,4,4,0,6,2,0,4,2,0,8,4,0,2,2,0,3,2,0
29,San Francisco 49ers, 2009,8,8,0,330,281,6,2,0,2,6,0,5,1,0,7,5,0,1,3,0,3,2,0
30,Seattle Seahawks, 2009,5,11,0,280,390,4,4,0,1,7,0,3,3,0,4,8,0,1,3,0,1,4,0
31,Los Angeles Rams, 2009,1,15,0,175,436,0,8,0,1,7,0,0,6,0,1,11,0,0,4,0,0,5,0
0,New England Patriots, 2010,14,2,0,518,313,8,0,0,6,2,0,5,1,0,10,2,0,4,0,0,5,0,0
1,New York Jets, 2010,11,5,0,367,304,5,3,0,6,2,0,4,2,0,9,3,0,2,2,0,2,3,0
2,Miami Dolphins, 2010,7,9,0,273,333,1,7,0,6,2,0,2,4,0,5,7,0,2,2,0,1,4,0
3,Buffalo Bills, 2010,4,12,0,283,425,2,6,0,2,6,0,1,5,0,3,9,0,1,3,0,2,3,0
4,Pittsburgh Steelers, 2010,12,4,0,375,232,5,3,0,7,1,0,5,1,0,9,3,0,3,1,0,4,1,0
5,Baltimore Ravens, 2010,12,4,0,357,270,7,1,0,5,3,0,4,2,0,9,3,0,3,1,0,4,1,0
6,Cleveland Browns, 2010,5,11,0,271,332,3,5,0,2,6,0,1,5,0,3,9,0,2,2,0,1,4,0
7,Cincinnati Bengals, 2010,4,12,0,322,395,3,5,0,1,7,0,2,4,0,3,9,0,1,3,0,2,3,0
8,Indianapolis Colts, 2010,10,6,0,435,388,6,2,0,4,4,0,4,2,0,8,4,0,2,2,0,4,1,0
9,Jacksonville Jaguars, 2010,8,8,0,353,419,5,3,0,3,5,0,3,3,0,7,5,0,1,3,0,2,3,0
10,Houston Texans, 2010,6,10,0,390,427,4,4,0,2,6,0,3,3,0,5,7,0,1,3,0,1,4,0
11,Tennessee Titans, 2010,6,10,0,356,339,3,5,0,3,5,0,2,4,0,3,9,0,3,1,0,1,4,0
12,Kansas City Chiefs, 2010,10,6,0,366,326,7,1,0,3,5,0,2,4,0,6,6,0,4,0,0,3,2,0
13,Los Angeles Chargers, 2010,9,7,0,441,322,6,2,0,3,5,0,3,3,0,7,5,0,2,2,0,3,2,0
14,Las Vegas Raiders, 2010,8,8,0,410,371,5,3,0,3,5,0,6,0,0,6,6,0,2,2,0,3,2,0
15,Denver Broncos, 2010,4,12,0,344,471,3,5,0,1,7,0,1,5,0,3,9,0,1,3,0,1,4,0
16,Philadelphia Eagles, 2010,10,6,0,439,377,4,4,0,6,2,0,4,2,0,7,5,0,3,1,0,3,2,0
17,New York Giants, 2010,10,6,0,394,347,5,3,0,5,3,0,3,3,0,8,4,0,2,2,0,3,2,0
18,Dallas Cowboys, 2010,6,10,0,394,436,2,6,0,4,4,0,3,3,0,4,8,0,2,2,0,3,2,0
19,Washington Commanders, 2010,6,10,0,302,377,2,6,0,4,4,0,2,4,0,4,8,0,2,2,0,1,4,0
20,Chicago Bears, 2010,11,5,0,334,286,5,3,0,6,2,0,5,1,0,8,4,0,3,1,0,3,2,0
21,Green Bay Packers, 2010,10,6,0,388,240,7,1,0,3,5,0,4,2,0,8,4,0,2,2,0,3,2,0
22,Detroit Lions, 2010,6,10,0,362,369,4,4,0,2,6,0,2,4,0,5,7,0,1,3,0,4,1,0
23,Minnesota Vikings, 2010,6,10,0,281,348,4,4,0,2,6,0,1,5,0,5,7,0,1,3,0,2,3,0
24,Atlanta Falcons, 2010,13,3,0,414,288,7,1,0,6,2,0,5,1,0,10,2,0,3,1,0,4,1,0
25,New Orleans Saints, 2010,11,5,0,384,307,5,3,0,6,2,0,4,2,0,9,3,0,2,2,0,3,2,0
26,Tampa Bay Buccaneers, 2010,10,6,0,341,318,4,4,0,6,2,0,3,3,0,8,4,0,2,2,0,3,2,0
27,Carolina Panthers, 2010,2,14,0,196,408,2,6,0,0,8,0,0,6,0,2,10,0,0,4,0,1,4,0
28,Seattle Seahawks, 2010,7,9,0,310,407,5,3,0,2,6,0,4,2,0,6,6,0,1,3,0,2,3,0
29,Los Angeles Rams, 2010,7,9,0,289,328,5,3,0,2,6,0,3,3,0,5,7,0,2,2,0,2,3,0
30,San Francisco 49ers, 2010,6,10,0,305,346,5,3,0,1,7,0,4,2,0,4,8,0,2,2,0,2,3,0
31,Arizona Cardinals, 2010,5,11,0,289,434,4,4,0,1,7,0,1,5,0,3,9,0,2,2,0,2,3,0
0,New England Patriots, 2011,13,3,0,513,342,7,1,0,6,2,0,5,1,0,10,2,0,3,1,0,5,0,0
1,New York Jets, 2011,8,8,0,377,363,6,2,0,2,6,0,3,3,0,6,6,0,2,2,0,2,3,0
2,Miami Dolphins, 2011,6,10,0,329,313,4,4,0,2,6,0,3,3,0,5,7,0,1,3,0,3,2,0
3,Buffalo Bills, 2011,6,10,0,372,434,5,3,0,1,7,0,1,5,0,4,8,0,2,2,0,1,4,0
4,Baltimore Ravens, 2011,12,4,0,378,266,8,0,0,4,4,0,6,0,0,9,3,0,3,1,0,4,1,0
5,Pittsburgh Steelers, 2011,12,4,0,325,227,7,1,0,5,3,0,4,2,0,9,3,0,3,1,0,4,1,0
6,Cincinnati Bengals, 2011,9,7,0,344,323,4,4,0,5,3,0,2,4,0,6,6,0,3,1,0,2,3,0
7,Cleveland Browns, 2011,4,12,0,218,307,3,5,0,1,7,0,0,6,0,3,9,0,1,3,0,0,5,0
8,Houston Texans, 2011,10,6,0,381,278,5,3,0,5,3,0,4,2,0,8,4,0,2,2,0,2,3,0
9,Tennessee Titans, 2011,9,7,0,325,317,5,3,0,4,4,0,3,3,0,7,5,0,2,2,0,3,2,0
10,Jacksonville Jaguars, 2011,5,11,0,243,329,4,4,0,1,7,0,3,3,0,4,8,0,1,3,0,2,3,0
11,Indianapolis Colts, 2011,2,14,0,243,430,2,6,0,0,8,0,2,4,0,2,10,0,0,4,0,2,3,0
12,Denver Broncos, 2011,8,8,0,309,390,3,5,0,5,3,0,3,3,0,6,6,0,2,2,0,2,3,0
13,Los Angeles Chargers, 2011,8,8,0,406,377,5,3,0,3,5,0,3,3,0,7,5,0,1,3,0,4,1,0
14,Las Vegas Raiders, 2011,8,8,0,359,433,3,5,0,5,3,0,3,3,0,6,6,0,2,2,0,1,4,0
15,Kansas City Chiefs, 2011,7,9,0,212,338,3,5,0,4,4,0,3,3,0,4,8,0,3,1,0,3,2,0
16,New York Giants, 2011,9,7,0,394,400,4,4,0,5,3,0,3,3,0,5,7,0,4,0,0,3,2,0
17,Philadelphia Eagles, 2011,8,8,0,396,328,3,5,0,5,3,0,5,1,0,6,6,0,2,2,0,4,1,0
18,Dallas Cowboys, 2011,8,8,0,369,347,5,3,0,3,5,0,2,4,0,6,6,0,2,2,0,1,4,0
19,Washington Commanders, 2011,5,11,0,288,367,2,6,0,3,5,0,2,4,0,5,7,0,0,4,0,1,4,0
20,Green Bay Packers, 2011,15,1,0,560,359,8,0,0,7,1,0,6,0,0,12,0,0,3,1,0,4,1,0
21,Detroit Lions, 2011,10,6,0,474,387,5,3,0,5,3,0,3,3,0,6,6,0,4,0,0,3,2,0
22,Chicago Bears, 2011,8,8,0,353,341,5,3,0,3,5,0,3,3,0,7,5,0,1,3,0,1,4,0
23,Minnesota Vikings, 2011,3,13,0,340,449,1,7,0,2,6,0,0,6,0,3,9,0,0,4,0,1,4,0
24,New Orleans Saints, 2011,13,3,0,547,339,8,0,0,5,3,0,5,1,0,9,3,0,4,0,0,5,0,0
25,Atlanta Falcons, 2011,10,6,0,402,350,6,2,0,4,4,0,3,3,0,7,5,0,3,1,0,3,2,0
26,Carolina Panthers, 2011,6,10,0,406,429,3,5,0,3,5,0,2,4,0,3,9,0,3,1,0,3,2,0
27,Tampa Bay Buccaneers, 2011,4,12,0,287,494,3,5,0,1,7,0,2,4,0,3,9,0,1,3,0,0,5,0
28,San Francisco 49ers, 2011,13,3,0,380,229,7,1,0,6,2,0,5,1,0,10,2,0,3,1,0,4,1,0
29,Arizona Cardinals, 2011,8,8,0,312,348,6,2,0,2,6,0,4,2,0,7,5,0,1,3,0,4,1,0
30,Seattle Seahawks, 2011,7,9,0,321,315,4,4,0,3,5,0,3,3,0,6,6,0,1,3,0,3,2,0
31,Los Angeles Rams, 2011,2,14,0,193,407,1,7,0,1,7,0,0,6,0,1,11,0,1,3,0,0,5,0
0,New England Patriots, 2012,12,4,0,557,331,6,2,0,6,2,0,6,0,0,11,1,0,1,3,0,4,1,0
1,Miami Dolphins, 2012,7,9,0,288,317,5,3,0,2,6,0,2,4,0,5,7,0,2,2,0,2,3,0
2,New York Jets, 2012,6,10,0,281,375,3,5,0,3,5,0,2,4,0,4,8,0,2,2,0,2,3,0
3,Buffalo Bills, 2012,6,10,0,344,435,4,4,0,2,6,0,2,4,0,5,7,0,1,3,0,2,3,0
4,Baltimore Ravens, 2012,10,6,0,398,344,6,2,0,4,4,0,4,2,0,8,4,0,2,2,0,1,4,0
5,Cincinnati Bengals, 2012,10,6,0,391,320,4,4,0,6,2,0,3,3,0,7,5,0,3,1,0,4,1,0
6,Pittsburgh Steelers, 2012,8,8,0,336,314,5,3,0,3,5,0,3,3,0,5,7,0,3,1,0,2,3,0
7,Cleveland Browns, 2012,5,11,0,302,368,4,4,0,1,7,0,2,4,0,5,7,0,0,4,0,2,3,0
8,Houston Texans, 2012,12,4,0,416,331,6,2,0,6,2,0,5,1,0,10,2,0,2,2,0,2,3,0
9,Indianapolis Colts, 2012,11,5,0,357,387,7,1,0,4,4,0,4,2,0,8,4,0,3,1,0,4,1,0
10,Tennessee Titans, 2012,6,10,0,330,471,4,4,0,2,6,0,1,5,0,5,7,0,1,3,0,2,3,0
11,Jacksonville Jaguars, 2012,2,14,0,255,444,1,7,0,1,7,0,2,4,0,2,10,0,0,4,0,0,5,0
12,Denver Broncos, 2012,13,3,0,481,289,7,1,0,6,2,0,6,0,0,10,2,0,3,1,0,5,0,0
13,Los Angeles Chargers, 2012,7,9,0,350,350,3,5,0,4,4,0,4,2,0,7,5,0,0,4,0,3,2,0
14,Las Vegas Raiders, 2012,4,12,0,290,443,3,5,0,1,7,0,2,4,0,4,8,0,0,4,0,1,4,0
15,Kansas City Chiefs, 2012,2,14,0,211,425,1,7,0,1,7,0,0,6,0,0,12,0,2,2,0,1,4,0
16,Washington Commanders, 2012,10,6,0,436,388,5,3,0,5,3,0,5,1,0,8,4,0,2,2,0,5,0,0
17,New York Giants, 2012,9,7,0,429,344,6,2,0,3,5,0,3,3,0,8,4,0,1,3,0,2,3,0
18,Dallas Cowboys, 2012,8,8,0,376,400,4,4,0,4,4,0,3,3,0,5,7,0,3,1,0,3,2,0
19,Philadelphia Eagles, 2012,4,12,0,280,444,2,6,0,2,6,0,1,5,0,2,10,0,2,2,0,1,4,0
20,Green Bay Packers, 2012,11,5,0,433,336,7,1,0,4,4,0,5,1,0,8,4,0,3,1,0,4,1,0
21,Minnesota Vikings, 2012,10,6,0,379,348,7,1,0,3,5,0,4,2,0,7,5,0,3,1,0,4,1,0
22,Chicago Bears, 2012,10,6,0,375,277,5,3,0,5,3,0,3,3,0,7,5,0,3,1,0,2,3,0
23,Detroit Lions, 2012,4,12,0,372,437,2,6,0,2,6,0,0,6,0,3,9,0,1,3,0,0,5,0
24,Atlanta Falcons, 2012,13,3,0,419,299,7,1,0,6,2,0,3,3,0,9,3,0,4,0,0,3,2,0
25,Carolina Panthers, 2012,7,9,0,357,363,3,5,0,4,4,0,3,3,0,5,7,0,2,2,0,4,1,0
26,New Orleans Saints, 2012,7,9,0,461,454,4,4,0,3,5,0,3,3,0,5,7,0,2,2,0,2,3,0
27,Tampa Bay Buccaneers, 2012,7,9,0,389,394,3,5,0,4,4,0,3,3,0,4,8,0,3,1,0,1,4,0
28,San Francisco 49ers, 2012,11,4,1,397,273,6,1,1,5,3,0,3,2,1,7,4,1,4,0,0,3,2,0
29,Seattle Seahawks, 2012,11,5,0,412,245,8,0,0,3,5,0,3,3,0,8,4,0,3,1,0,5,0,0
30,Los Angeles Rams, 2012,7,8,1,299,348,4,4,0,3,4,1,4,1,1,6,5,1,1,3,0,3,2,0
31,Arizona Cardinals, 2012,5,11,0,250,357,4,4,0,1,7,0,1,5,0,3,9,0,2,2,0,1,4,0
0,New England Patriots, 2013,12,4,0,444,338,8,0,0,4,4,0,4,2,0,9,3,0,3,1,0,4,1,0
1,New York Jets, 2013,8,8,0,290,387,6,2,0,2,6,0,3,3,0,5,7,0,3,1,0,3,2,0
2,Miami Dolphins, 2013,8,8,0,317,335,4,4,0,4,4,0,2,4,0,7,5,0,1,3,0,3,2,0
3,Buffalo Bills, 2013,6,10,0,339,388,4,4,0,2,6,0,3,3,0,5,7,0,1,3,0,2,3,0
4,Cincinnati Bengals, 2013,11,5,0,430,305,8,0,0,3,5,0,3,3,0,8,4,0,3,1,0,4,1,0
5,Pittsburgh Steelers, 2013,8,8,0,379,370,5,3,0,3,5,0,4,2,0,6,6,0,2,2,0,3,2,0
6,Baltimore Ravens, 2013,8,8,0,320,352,6,2,0,2,6,0,3,3,0,6,6,0,2,2,0,3,2,0
7,Cleveland Browns, 2013,4,12,0,308,406,3,5,0,1,7,0,2,4,0,3,9,0,1,3,0,0,5,0
8,Indianapolis Colts, 2013,11,5,0,391,336,6,2,0,5,3,0,6,0,0,9,3,0,2,2,0,4,1,0
9,Tennessee Titans, 2013,7,9,0,362,381,3,5,0,4,4,0,2,4,0,6,6,0,1,3,0,2,3,0
10,Jacksonville Jaguars, 2013,4,12,0,247,449,1,7,0,3,5,0,3,3,0,4,8,0,0,4,0,2,3,0
11,Houston Texans, 2013,2,14,0,276,428,1,7,0,1,7,0,1,5,0,2,10,0,0,4,0,0,5,0
12,Denver Broncos, 2013,13,3,0,606,399,7,1,0,6,2,0,5,1,0,9,3,0,4,0,0,4,1,0
13,Kansas City Chiefs, 2013,11,5,0,430,305,5,3,0,6,2,0,2,4,0,7,5,0,4,0,0,2,3,0
14,Los Angeles Chargers, 2013,9,7,0,396,348,5,3,0,4,4,0,4,2,0,6,6,0,3,1,0,4,1,0
15,Las Vegas Raiders, 2013,4,12,0,322,453,3,5,0,1,7,0,1,5,0,4,8,0,0,4,0,0,5,0
16,Philadelphia Eagles, 2013,10,6,0,442,382,4,4,0,6,2,0,4,2,0,9,3,0,1,3,0,4,1,0
17,Dallas Cowboys, 2013,8,8,0,439,432,5,3,0,3,5,0,5,1,0,7,5,0,1,3,0,2,3,0
18,New York Giants, 2013,7,9,0,294,383,4,4,0,3,5,0,3,3,0,6,6,0,1,3,0,3,2,0
19,Washington Commanders, 2013,3,13,0,334,478,2,6,0,1,7,0,0,6,0,1,11,0,2,2,0,0,5,0
20,Green Bay Packers, 2013,8,7,1,417,428,4,3,1,4,4,0,3,2,1,6,5,1,2,2,0,3,2,0
21,Chicago Bears, 2013,8,8,0,445,478,5,3,0,3,5,0,2,4,0,4,8,0,4,0,0,2,3,0
22,Detroit Lions, 2013,7,9,0,395,376,4,4,0,3,5,0,4,2,0,6,6,0,1,3,0,1,4,0
23,Minnesota Vikings, 2013,5,10,1,391,480,5,3,0,0,7,1,2,3,1,4,7,1,1,3,0,3,2,0
24,Carolina Panthers, 2013,12,4,0,366,241,7,1,0,5,3,0,5,1,0,9,3,0,3,1,0,4,1,0
25,New Orleans Saints, 2013,11,5,0,414,304,8,0,0,3,5,0,5,1,0,9,3,0,2,2,0,2,3,0
26,Atlanta Falcons, 2013,4,12,0,353,443,3,5,0,1,7,0,1,5,0,3,9,0,1,3,0,2,3,0
27,Tampa Bay Buccaneers, 2013,4,12,0,288,389,3,5,0,1,7,0,1,5,0,2,10,0,2,2,0,1,4,0
28,Seattle Seahawks, 2013,13,3,0,417,231,7,1,0,6,2,0,4,2,0,10,2,0,3,1,0,3,2,0
29,San Francisco 49ers, 2013,12,4,0,406,272,6,2,0,6,2,0,5,1,0,9,3,0,3,1,0,5,0,0
30,Arizona Cardinals, 2013,10,6,0,379,324,6,2,0,4,4,0,2,4,0,6,6,0,4,0,0,3,2,0
31,Los Angeles Rams, 2013,7,9,0,348,364,5,3,0,2,6,0,1,5,0,4,8,0,3,1,0,2,3,0
0,New England Patriots, 2014,12,4,0,468,313,7,1,0,5,3,0,4,2,0,9,3,0,3,1,0,3,2,0
1,Buffalo Bills, 2014,9,7,0,343,289,5,3,0,4,4,0,4,2,0,5,7,0,4,0,0,3,2,0
2,Miami Dolphins, 2014,8,8,0,388,373,4,4,0,4,4,0,3,3,0,6,6,0,2,2,0,2,3,0
3,New York Jets, 2014,4,12,0,283,401,2,6,0,2,6,0,1,5,0,4,8,0,0,4,0,2,3,0
4,Pittsburgh Steelers, 2014,11,5,0,436,368,6,2,0,5,3,0,4,2,0,9,3,0,2,2,0,4,1,0
5,Cincinnati Bengals, 2014,10,5,1,365,344,5,2,1,5,3,0,3,3,0,7,5,0,3,0,1,3,2,0
6,Baltimore Ravens, 2014,10,6,0,409,302,6,2,0,4,4,0,3,3,0,6,6,0,4,0,0,3,2,0
7,Cleveland Browns, 2014,7,9,0,299,337,4,4,0,3,5,0,2,4,0,4,8,0,3,1,0,0,5,0
8,Indianapolis Colts, 2014,11,5,0,458,369,6,2,0,5,3,0,6,0,0,9,3,0,2,2,0,4,1,0
9,Houston Texans, 2014,9,7,0,372,307,5,3,0,4,4,0,4,2,0,8,4,0,1,3,0,4,1,0
10,Jacksonville Jaguars, 2014,3,13,0,249,412,3,5,0,0,8,0,1,5,0,2,10,0,1,3,0,2,3,0
11,Tennessee Titans, 2014,2,14,0,254,438,1,7,0,1,7,0,1,5,0,2,10,0,0,4,0,0,5,0
12,Denver Broncos, 2014,12,4,0,482,354,8,0,0,4,4,0,6,0,0,10,2,0,2,2,0,4,1,0
13,Kansas City Chiefs, 2014,9,7,0,353,281,6,2,0,3,5,0,3,3,0,7,5,0,2,2,0,2,3,0
14,Los Angeles Chargers, 2014,9,7,0,348,348,5,3,0,4,4,0,2,4,0,6,6,0,3,1,0,2,3,0
15,Las Vegas Raiders, 2014,3,13,0,253,452,3,5,0,0,8,0,1,5,0,2,10,0,1,3,0,2,3,0
16,Dallas Cowboys, 2014,12,4,0,467,352,4,4,0,8,0,0,4,2,0,8,4,0,4,0,0,4,1,0
17,Philadelphia Eagles, 2014,10,6,0,474,400,6,2,0,4,4,0,4,2,0,6,6,0,4,0,0,2,3,0
18,New York Giants, 2014,6,10,0,380,400,3,5,0,3,5,0,2,4,0,4,8,0,2,2,0,3,2,0
19,Washington Commanders, 2014,4,12,0,301,438,3,5,0,1,7,0,2,4,0,2,10,0,2,2,0,1,4,0
20,Green Bay Packers, 2014,12,4,0,486,348,8,0,0,4,4,0,5,1,0,9,3,0,3,1,0,4,1,0
21,Detroit Lions, 2014,11,5,0,321,282,7,1,0,4,4,0,5,1,0,9,3,0,2,2,0,4,1,0
22,Minnesota Vikings, 2014,7,9,0,325,343,5,3,0,2,6,0,1,5,0,6,6,0,1,3,0,3,2,0
23,Chicago Bears, 2014,5,11,0,319,442,2,6,0,3,5,0,1,5,0,4,8,0,1,3,0,0,5,0
24,Carolina Panthers, 2014,7,8,1,339,374,4,4,0,3,4,1,4,2,0,6,6,0,1,2,1,4,1,0
25,New Orleans Saints, 2014,7,9,0,401,424,3,5,0,4,4,0,3,3,0,6,6,0,1,3,0,3,2,0
26,Atlanta Falcons, 2014,6,10,0,381,417,3,5,0,3,5,0,5,1,0,6,6,0,0,4,0,2,3,0
27,Tampa Bay Buccaneers, 2014,2,14,0,277,410,0,8,0,2,6,0,0,6,0,1,11,0,1,3,0,0,5,0
28,Seattle Seahawks, 2014,12,4,0,394,254,7,1,0,5,3,0,5,1,0,10,2,0,2,2,0,5,0,0
29,Arizona Cardinals, 2014,11,5,0,310,299,7,1,0,4,4,0,3,3,0,8,4,0,3,1,0,2,3,0
30,San Francisco 49ers, 2014,8,8,0,306,340,4,4,0,4,4,0,2,4,0,7,5,0,1,3,0,1,4,0
31,Los Angeles Rams, 2014,6,10,0,324,354,3,5,0,3,5,0,2,4,0,4,8,0,2,2,0,2,3,0
0,New England Patriots, 2015,12,4,0,465,315,7,1,0,5,3,0,4,2,0,9,3,0,3,1,0,2,3,0
1,New York Jets, 2015,10,6,0,387,314,6,2,0,4,4,0,3,3,0,7,5,0,3,1,0,4,1,0
2,Buffalo Bills, 2015,8,8,0,379,359,5,3,0,3,5,0,4,2,0,7,5,0,1,3,0,3,2,0
3,Miami Dolphins, 2015,6,10,0,310,389,3,5,0,3,5,0,1,5,0,4,8,0,2,2,0,2,3,0
4,Cincinnati Bengals, 2015,12,4,0,419,279,6,2,0,6,2,0,5,1,0,9,3,0,3,1,0,3,2,0
5,Pittsburgh Steelers, 2015,10,6,0,423,319,6,2,0,4,4,0,3,3,0,7,5,0,3,1,0,4,1,0
6,Baltimore Ravens, 2015,5,11,0,328,401,3,5,0,2,6,0,3,3,0,4,8,0,1,3,0,1,4,0
7,Cleveland Browns, 2015,3,13,0,278,432,2,6,0,1,7,0,1,5,0,2,10,0,1,3,0,1,4,0
8,Houston Texans, 2015,9,7,0,339,313,5,3,0,4,4,0,5,1,0,7,5,0,2,2,0,3,2,0
9,Indianapolis Colts, 2015,8,8,0,333,408,4,4,0,4,4,0,4,2,0,6,6,0,2,2,0,2,3,0
10,Jacksonville Jaguars, 2015,5,11,0,376,448,4,4,0,1,7,0,2,4,0,5,7,0,0,4,0,1,4,0
11,Tennessee Titans, 2015,3,13,0,299,423,1,7,0,2,6,0,1,5,0,1,11,0,2,2,0,1,4,0
12,Denver Broncos, 2015,12,4,0,355,296,6,2,0,6,2,0,4,2,0,8,4,0,4,0,0,3,2,0
13,Kansas City Chiefs, 2015,11,5,0,405,287,6,2,0,5,3,0,5,1,0,10,2,0,1,3,0,5,0,0
14,Las Vegas Raiders, 2015,7,9,0,359,399,3,5,0,4,4,0,3,3,0,7,5,0,0,4,0,2,3,0
15,Los Angeles Chargers, 2015,4,12,0,320,398,3,5,0,1,7,0,0,6,0,3,9,0,1,3,0,1,4,0
16,Washington Commanders, 2015,9,7,0,388,379,6,2,0,3,5,0,4,2,0,8,4,0,1,3,0,4,1,0
17,Philadelphia Eagles, 2015,7,9,0,377,430,3,5,0,4,4,0,3,3,0,4,8,0,3,1,0,3,2,0
18,New York Giants, 2015,6,10,0,420,442,3,5,0,3,5,0,2,4,0,4,8,0,2,2,0,1,4,0
19,Dallas Cowboys, 2015,4,12,0,275,374,1,7,0,3,5,0,3,3,0,3,9,0,1,3,0,1,4,0
20,Minnesota Vikings, 2015,11,5,0,365,302,6,2,0,5,3,0,5,1,0,8,4,0,3,1,0,3,2,0
21,Green Bay Packers, 2015,10,6,0,368,323,5,3,0,5,3,0,3,3,0,7,5,0,3,1,0,3,2,0
22,Detroit Lions, 2015,7,9,0,358,400,4,4,0,3,5,0,3,3,0,6,6,0,1,3,0,3,2,0
23,Chicago Bears, 2015,6,10,0,335,397,1,7,0,5,3,0,1,5,0,3,9,0,3,1,0,1,4,0
24,Carolina Panthers, 2015,15,1,0,500,308,8,0,0,7,1,0,5,1,0,11,1,0,4,0,0,4,1,0
25,Atlanta Falcons, 2015,8,8,0,339,345,4,4,0,4,4,0,1,5,0,5,7,0,3,1,0,2,3,0
26,New Orleans Saints, 2015,7,9,0,408,476,4,4,0,3,5,0,3,3,0,5,7,0,2,2,0,3,2,0
27,Tampa Bay Buccaneers, 2015,6,10,0,342,417,3,5,0,3,5,0,3,3,0,5,7,0,1,3,0,1,4,0
28,Arizona Cardinals, 2015,13,3,0,489,313,6,2,0,7,1,0,4,2,0,10,2,0,3,1,0,4,1,0
29,Seattle Seahawks, 2015,10,6,0,423,277,5,3,0,5,3,0,3,3,0,7,5,0,3,1,0,4,1,0
30,Los Angeles Rams, 2015,7,9,0,280,330,5,3,0,2,6,0,4,2,0,6,6,0,1,3,0,3,2,0
31,San Francisco 49ers, 2015,5,11,0,238,387,4,4,0,1,7,0,1,5,0,4,8,0,1,3,0,2,3,0
0,New England Patriots, 2016,14,2,0,441,250,6,2,0,8,0,0,5,1,0,11,1,0,3,1,0,5,0,0
1,Miami Dolphins, 2016,10,6,0,363,380,6,2,0,4,4,0,4,2,0,7,5,0,3,1,0,3,2,0
2,Buffalo Bills, 2016,7,9,0,399,378,4,4,0,3,5,0,1,5,0,4,8,0,3,1,0,1,4,0
3,New York Jets, 2016,5,11,0,275,409,2,6,0,3,5,0,2,4,0,4,8,0,1,3,0,2,3,0
4,Pittsburgh Steelers, 2016,11,5,0,399,327,6,2,0,5,3,0,5,1,0,9,3,0,2,2,0,5,0,0
5,Baltimore Ravens, 2016,8,8,0,343,321,6,2,0,2,6,0,4,2,0,7,5,0,1,3,0,2,3,0
6,Cincinnati Bengals, 2016,6,9,1,325,315,4,3,1,2,6,0,3,3,0,5,7,0,1,2,1,3,2,0
7,Cleveland Browns, 2016,1,15,0,264,452,1,7,0,0,8,0,0,6,0,1,11,0,0,4,0,1,4,0
8,Houston Texans, 2016,9,7,0,279,328,7,1,0,2,6,0,5,1,0,7,5,0,2,2,0,3,2,0
9,Tennessee Titans, 2016,9,7,0,381,378,5,3,0,4,4,0,2,4,0,6,6,0,3,1,0,4,1,0
10,Indianapolis Colts, 2016,8,8,0,411,392,4,4,0,4,4,0,3,3,0,5,7,0,3,1,0,3,2,0
11,Jacksonville Jaguars, 2016,3,13,0,318,400,2,6,0,1,7,0,2,4,0,2,10,0,1,3,0,1,4,0
12,Kansas City Chiefs, 2016,12,4,0,389,311,6,2,0,6,2,0,6,0,0,9,3,0,3,1,0,4,1,0
13,Las Vegas Raiders, 2016,12,4,0,416,385,6,2,0,6,2,0,3,3,0,9,3,0,3,1,0,3,2,0
14,Denver Broncos, 2016,9,7,0,333,297,5,3,0,4,4,0,2,4,0,6,6,0,3,1,0,2,3,0
15,Los Angeles Chargers, 2016,5,11,0,410,423,3,5,0,2,6,0,1,5,0,4,8,0,1,3,0,0,5,0
16,Dallas Cowboys, 2016,13,3,0,421,306,7,1,0,6,2,0,3,3,0,9,3,0,4,0,0,3,2,0
17,New York Giants, 2016,11,5,0,310,284,7,1,0,4,4,0,4,2,0,8,4,0,3,1,0,3,2,0
18,Washington Commanders, 2016,8,7,1,396,383,4,4,0,4,3,1,3,3,0,6,6,0,2,1,1,2,3,0
19,Philadelphia Eagles, 2016,7,9,0,367,331,6,2,0,1,7,0,2,4,0,5,7,0,2,2,0,2,3,0
20,Green Bay Packers, 2016,10,6,0,432,388,6,2,0,4,4,0,5,1,0,8,4,0,2,2,0,5,0,0
21,Detroit Lions, 2016,9,7,0,346,358,6,2,0,3,5,0,3,3,0,7,5,0,2,2,0,2,3,0
22,Minnesota Vikings, 2016,8,8,0,327,307,5,3,0,3,5,0,2,4,0,5,7,0,3,1,0,2,3,0
23,Chicago Bears, 2016,3,13,0,279,399,3,5,0,0,8,0,2,4,0,3,9,0,0,4,0,1,4,0
24,Atlanta Falcons, 2016,11,5,0,540,406,5,3,0,6,2,0,5,1,0,9,3,0,2,2,0,4,1,0
25,Tampa Bay Buccaneers, 2016,9,7,0,354,369,4,4,0,5,3,0,4,2,0,7,5,0,2,2,0,3,2,0
26,New Orleans Saints, 2016,7,9,0,469,454,4,4,0,3,5,0,2,4,0,6,6,0,1,3,0,2,3,0
27,Carolina Panthers, 2016,6,10,0,369,402,4,4,0,2,6,0,1,5,0,5,7,0,1,3,0,2,3,0
28,Seattle Seahawks, 2016,10,5,1,354,292,7,1,0,3,4,1,3,2,1,6,5,1,4,0,0,3,2,0
29,Arizona Cardinals, 2016,7,8,1,418,362,4,3,1,3,5,0,4,1,1,6,5,1,1,3,0,3,2,0
30,Los Angeles Rams, 2016,4,12,0,224,394,1,7,0,3,5,0,2,4,0,3,9,0,1,3,0,0,5,0
31,San Francisco 49ers, 2016,2,14,0,309,480,1,7,0,1,7,0,2,4,0,2,10,0,0,4,0,1,4,0
0,New England Patriots, 2017,13,3,0,458,296,6,2,0,7,1,0,5,1,0,10,2,0,3,1,0,4,1,0
1,Buffalo Bills, 2017,9,7,0,302,359,6,2,0,3,5,0,3,3,0,7,5,0,2,2,0,3,2,0
2,Miami Dolphins, 2017,6,10,0,281,393,4,4,0,2,6,0,2,4,0,5,7,0,1,3,0,2,3,0
3,New York Jets, 2017,5,11,0,298,382,4,4,0,1,7,0,2,4,0,5,7,0,0,4,0,1,4,0
4,Pittsburgh Steelers, 2017,13,3,0,406,308,6,2,0,7,1,0,6,0,0,10,2,0,3,1,0,4,1,0
5,Baltimore Ravens, 2017,9,7,0,395,303,5,3,0,4,4,0,3,3,0,7,5,0,2,2,0,3,2,0
6,Cincinnati Bengals, 2017,7,9,0,290,349,4,4,0,3,5,0,3,3,0,6,6,0,1,3,0,2,3,0
7,Cleveland Browns, 2017,0,16,0,234,410,0,8,0,0,8,0,0,6,0,0,12,0,0,4,0,0,5,0
8,Jacksonville Jaguars, 2017,10,6,0,417,268,6,2,0,4,4,0,4,2,0,9,3,0,1,3,0,3,2,0
9,Tennessee Titans, 2017,9,7,0,334,356,6,2,0,3,5,0,5,1,0,8,4,0,1,3,0,2,3,0
10,Indianapolis Colts, 2017,4,12,0,263,404,3,5,0,1,7,0,2,4,0,3,9,0,1,3,0,1,4,0
11,Houston Texans, 2017,4,12,0,338,436,3,5,0,1,7,0,1,5,0,3,9,0,1,3,0,0,5,0
12,Kansas City Chiefs, 2017,10,6,0,415,339,6,2,0,4,4,0,5,1,0,8,4,0,2,2,0,4,1,0
13,Los Angeles Chargers, 2017,9,7,0,355,272,5,3,0,4,4,0,3,3,0,6,6,0,3,1,0,4,1,0
14,Las Vegas Raiders, 2017,6,10,0,301,373,4,4,0,2,6,0,2,4,0,5,7,0,1,3,0,1,4,0
15,Denver Broncos, 2017,5,11,0,289,382,4,4,0,1,7,0,2,4,0,4,8,0,1,3,0,2,3,0
16,Philadelphia Eagles, 2017,13,3,0,457,295,7,1,0,6,2,0,5,1,0,10,2,0,3,1,0,3,2,0
17,Dallas Cowboys, 2017,9,7,0,354,332,3,5,0,6,2,0,5,1,0,7,5,0,2,2,0,4,1,0
18,Washington Commanders, 2017,7,9,0,342,388,5,3,0,2,6,0,1,5,0,5,7,0,2,2,0,2,3,0
19,New York Giants, 2017,3,13,0,246,388,2,6,0,1,7,0,1,5,0,1,11,0,2,2,0,1,4,0
20,Minnesota Vikings, 2017,13,3,0,382,252,7,1,0,6,2,0,5,1,0,10,2,0,3,1,0,4,1,0
21,Detroit Lions, 2017,9,7,0,410,376,4,4,0,5,3,0,5,1,0,8,4,0,1,3,0,3,2,0
22,Green Bay Packers, 2017,7,9,0,320,384,4,4,0,3,5,0,2,4,0,5,7,0,2,2,0,2,3,0
23,Chicago Bears, 2017,5,11,0,264,320,3,5,0,2,6,0,0,6,0,1,11,0,4,0,0,2,3,0
24,New Orleans Saints, 2017,11,5,0,448,326,7,1,0,4,4,0,4,2,0,8,4,0,3,1,0,3,2,0
25,Carolina Panthers, 2017,11,5,0,363,327,6,2,0,5,3,0,3,3,0,7,5,0,4,0,0,3,2,0
26,Atlanta Falcons, 2017,10,6,0,353,315,5,3,0,5,3,0,4,2,0,9,3,0,1,3,0,3,2,0
27,Tampa Bay Buccaneers, 2017,5,11,0,335,382,4,4,0,1,7,0,1,5,0,3,9,0,2,2,0,1,4,0
28,Los Angeles Rams, 2017,11,5,0,478,329,4,4,0,7,1,0,4,2,0,7,5,0,4,0,0,3,2,0
29,Seattle Seahawks, 2017,9,7,0,366,332,4,4,0,5,3,0,4,2,0,7,5,0,2,2,0,2,3,0
30,Arizona Cardinals, 2017,8,8,0,295,361,5,3,0,3,5,0,3,3,0,5,7,0,3,1,0,3,2,0
31,San Francisco 49ers, 2017,6,10,0,331,383,3,5,0,3,5,0,1,5,0,3,9,0,3,1,0,5,0,0
0,New England Patriots, 2018,11,5,0,436,325,8,0,0,3,5,0,5,1,0,8,4,0,3,1,0,3,2,0
1,Miami Dolphins, 2018,7,9,0,319,433,6,2,0,1,7,0,4,2,0,6,6,0,1,3,0,2,3,0
2,Buffalo Bills, 2018,6,10,0,269,374,4,4,0,2,6,0,2,4,0,4,8,0,2,2,0,2,3,0
3,New York Jets, 2018,4,12,0,333,441,2,6,0,2,6,0,1,5,0,3,9,0,1,3,0,1,4,0
4,Baltimore Ravens, 2018,10,6,0,389,287,6,2,0,4,4,0,3,3,0,8,4,0,2,2,0,4,1,0
5,Pittsburgh Steelers, 2018,9,6,1,428,360,5,3,0,4,3,1,4,1,1,6,5,1,3,1,0,2,3,0
6,Cleveland Browns, 2018,7,8,1,359,392,5,2,1,2,6,0,3,2,1,5,6,1,2,2,0,3,2,0
7,Cincinnati Bengals, 2018,6,10,0,368,455,4,4,0,2,6,0,1,5,0,4,8,0,2,2,0,1,4,0
8,Houston Texans, 2018,11,5,0,402,316,6,2,0,5,3,0,4,2,0,9,3,0,2,2,0,3,2,0
9,Indianapolis Colts, 2018,10,6,0,433,344,6,2,0,4,4,0,4,2,0,7,5,0,3,1,0,4,1,0
10,Tennessee Titans, 2018,9,7,0,310,303,6,2,0,3,5,0,3,3,0,5,7,0,4,0,0,4,1,0
11,Jacksonville Jaguars, 2018,5,11,0,245,316,3,5,0,2,6,0,1,5,0,4,8,0,1,3,0,2,3,0
12,Kansas City Chiefs, 2018,12,4,0,565,421,7,1,0,5,3,0,5,1,0,10,2,0,2,2,0,3,2,0
13,Los Angeles Chargers, 2018,12,4,0,428,329,5,3,0,7,1,0,4,2,0,9,3,0,3,1,0,4,1,0
14,Denver Broncos, 2018,6,10,0,329,349,3,5,0,3,5,0,2,4,0,4,8,0,2,2,0,1,4,0
15,Las Vegas Raiders, 2018,4,12,0,290,467,3,5,0,1,7,0,1,5,0,3,9,0,1,3,0,2,3,0
16,Dallas Cowboys, 2018,10,6,0,339,324,7,1,0,3,5,0,5,1,0,9,3,0,1,3,0,4,1,0
17,Philadelphia Eagles, 2018,9,7,0,367,348,5,3,0,4,4,0,4,2,0,6,6,0,3,1,0,4,1,0
18,Washington Commanders, 2018,7,9,0,281,359,3,5,0,4,4,0,2,4,0,6,6,0,1,3,0,1,4,0
19,New York Giants, 2018,5,11,0,369,412,2,6,0,3,5,0,1,5,0,4,8,0,1,3,0,2,3,0
20,Chicago Bears, 2018,12,4,0,421,283,7,1,0,5,3,0,5,1,0,10,2,0,2,2,0,4,1,0
21,Minnesota Vikings, 2018,8,7,1,360,341,5,3,0,3,4,1,3,2,1,6,5,1,2,2,0,2,3,0
22,Green Bay Packers, 2018,6,9,1,376,400,5,2,1,1,7,0,1,4,1,3,8,1,3,1,0,2,3,0
23,Detroit Lions, 2018,6,10,0,324,360,3,5,0,3,5,0,2,4,0,4,8,0,2,2,0,2,3,0
24,New Orleans Saints, 2018,13,3,0,504,353,6,2,0,7,1,0,4,2,0,9,3,0,4,0,0,3,2,0
25,Atlanta Falcons, 2018,7,9,0,414,423,4,4,0,3,5,0,4,2,0,7,5,0,0,4,0,3,2,0
26,Carolina Panthers, 2018,7,9,0,376,382,5,3,0,2,6,0,2,4,0,5,7,0,2,2,0,1,4,0
27,Tampa Bay Buccaneers, 2018,5,11,0,396,464,4,4,0,1,7,0,2,4,0,4,8,0,1,3,0,1,4,0
28,Los Angeles Rams, 2018,13,3,0,527,384,7,1,0,6,2,0,6,0,0,9,3,0,4,0,0,3,2,0
29,Seattle Seahawks, 2018,10,6,0,428,347,6,2,0,4,4,0,3,3,0,8,4,0,2,2,0,4,1,0
30,San Francisco 49ers, 2018,4,12,0,342,435,4,4,0,0,8,0,1,5,0,2,10,0,2,2,0,2,3,0
31,Arizona Cardinals, 2018,3,13,0,225,425,1,7,0,2,6,0,2,4,0,3,9,0,0,4,0,1,4,0
0,New England Patriots, 2019,12,4,0,420,225,6,2,0,6,2,0,5,1,0,8,4,0,4,0,0,2,3,0
1,Buffalo Bills, 2019,10,6,0,314,259,4,4,0,6,2,0,3,3,0,7,5,0,3,1,0,2,3,0
2,New York Jets, 2019,7,9,0,276,359,5,3,0,2,6,0,2,4,0,4,8,0,3,1,0,3,2,0
3,Miami Dolphins, 2019,5,11,0,306,494,3,5,0,2,6,0,2,4,0,4,8,0,1,3,0,3,2,0
4,Baltimore Ravens, 2019,14,2,0,531,282,7,1,0,7,1,0,5,1,0,10,2,0,4,0,0,5,0,0
5,Pittsburgh Steelers, 2019,8,8,0,289,303,5,3,0,3,5,0,3,3,0,6,6,0,2,2,0,2,3,0
6,Cleveland Browns, 2019,6,10,0,335,393,4,4,0,2,6,0,3,3,0,6,6,0,0,4,0,1,4,0
7,Cincinnati Bengals, 2019,2,14,0,279,420,2,6,0,0,8,0,1,5,0,2,10,0,0,4,0,2,3,0
8,Houston Texans, 2019,10,6,0,378,385,5,3,0,5,3,0,4,2,0,8,4,0,2,2,0,3,2,0
9,Tennessee Titans, 2019,9,7,0,402,331,4,4,0,5,3,0,3,3,0,7,5,0,2,2,0,3,2,0
10,Indianapolis Colts, 2019,7,9,0,361,373,5,3,0,2,6,0,3,3,0,5,7,0,2,2,0,1,4,0
11,Jacksonville Jaguars, 2019,6,10,0,300,397,3,5,0,3,5,0,2,4,0,6,6,0,0,4,0,2,3,0
12,Kansas City Chiefs, 2019,12,4,0,451,308,5,3,0,7,1,0,6,0,0,9,3,0,3,1,0,5,0,0
13,Denver Broncos, 2019,7,9,0,282,316,5,3,0,2,6,0,3,3,0,6,6,0,1,3,0,4,1,0
14,Las Vegas Raiders, 2019,7,9,0,313,419,5,3,0,2,6,0,3,3,0,5,7,0,2,2,0,1,4,0
15,Los Angeles Chargers, 2019,5,11,0,337,345,2,6,0,3,5,0,0,6,0,3,9,0,2,2,0,1,4,0
16,Philadelphia Eagles, 2019,9,7,0,385,354,5,3,0,4,4,0,5,1,0,7,5,0,2,2,0,4,1,0
17,Dallas Cowboys, 2019,8,8,0,434,321,5,3,0,3,5,0,5,1,0,7,5,0,1,3,0,2,3,0
18,New York Giants, 2019,4,12,0,341,451,2,6,0,2,6,0,2,4,0,3,9,0,1,3,0,2,3,0
19,Washington Commanders, 2019,3,13,0,266,435,1,7,0,2,6,0,0,6,0,2,10,0,1,3,0,1,4,0
20,Green Bay Packers, 2019,13,3,0,376,313,7,1,0,6,2,0,6,0,0,10,2,0,3,1,0,5,0,0
21,Minnesota Vikings, 2019,10,6,0,407,303,6,2,0,4,4,0,2,4,0,7,5,0,3,1,0,2,3,0
22,Chicago Bears, 2019,8,8,0,280,298,4,4,0,4,4,0,4,2,0,7,5,0,1,3,0,3,2,0
23,Detroit Lions, 2019,3,12,1,341,423,2,6,0,1,6,1,0,6,0,2,9,1,1,3,0,0,5,0
24,New Orleans Saints, 2019,13,3,0,458,341,6,2,0,7,1,0,5,1,0,9,3,0,4,0,0,4,1,0
25,Atlanta Falcons, 2019,7,9,0,381,399,3,5,0,4,4,0,4,2,0,6,6,0,1,3,0,4,1,0
26,Tampa Bay Buccaneers, 2019,7,9,0,458,449,2,6,0,5,3,0,2,4,0,5,7,0,2,2,0,3,2,0
27,Carolina Panthers, 2019,5,11,0,340,470,2,6,0,3,5,0,1,5,0,2,10,0,3,1,0,0,5,0
28,San Francisco 49ers, 2019,13,3,0,479,310,6,2,0,7,1,0,5,1,0,10,2,0,3,1,0,3,2,0
29,Seattle Seahawks, 2019,11,5,0,405,398,4,4,0,7,1,0,3,3,0,8,4,0,3,1,0,2,3,0
30,Los Angeles Rams, 2019,9,7,0,394,364,5,3,0,4,4,0,3,3,0,7,5,0,2,2,0,3,2,0
31,Arizona Cardinals, 2019,5,10,1,361,442,2,5,1,3,5,0,1,5,0,3,8,1,2,2,0,2,3,0
0,Buffalo Bills, 2020,13,3,0,501,375,7,1,0,6,2,0,6,0,0,10,2,0,3,1,0,5,0,0
1,Miami Dolphins, 2020,10,6,0,404,338,5,3,0,5,3,0,3,3,0,7,5,0,3,1,0,3,2,0
2,New England Patriots, 2020,7,9,0,326,353,5,3,0,2,6,0,3,3,0,6,6,0,1,3,0,2,3,0
3,New York Jets, 2020,2,14,0,243,457,1,7,0,1,7,0,0,6,0,1,11,0,1,3,0,2,3,0
4,Pittsburgh Steelers, 2020,12,4,0,416,312,7,1,0,5,3,0,4,2,0,9,3,0,3,1,0,1,4,0
5,Baltimore Ravens, 2020,11,5,0,468,303,5,3,0,6,2,0,4,2,0,7,5,0,4,0,0,5,0,0
6,Cleveland Browns, 2020,11,5,0,408,419,6,2,0,5,3,0,3,3,0,7,5,0,4,0,0,3,2,0
7,Cincinnati Bengals, 2020,4,11,1,311,424,3,5,0,1,6,1,1,5,0,4,8,0,0,3,1,2,3,0
8,Tennessee Titans, 2020,11,5,0,491,439,5,3,0,6,2,0,5,1,0,8,4,0,3,1,0,3,2,0
9,Indianapolis Colts, 2020,11,5,0,451,362,6,2,0,5,3,0,4,2,0,7,5,0,4,0,0,4,1,0
10,Houston Texans, 2020,4,12,0,384,464,2,6,0,2,6,0,2,4,0,3,9,0,1,3,0,0,5,0
11,Jacksonville Jaguars, 2020,1,15,0,306,492,1,7,0,0,8,0,1,5,0,1,11,0,0,4,0,0,5,0
12,Kansas City Chiefs, 2020,14,2,0,473,362,6,2,0,8,0,0,4,2,0,10,2,0,4,0,0,4,1,0
13,Las Vegas Raiders, 2020,8,8,0,434,478,2,6,0,6,2,0,4,2,0,6,6,0,2,2,0,2,3,0
14,Los Angeles Chargers, 2020,7,9,0,384,426,4,4,0,3,5,0,3,3,0,6,6,0,1,3,0,4,1,0
15,Denver Broncos, 2020,5,11,0,323,446,2,6,0,3,5,0,1,5,0,4,8,0,1,3,0,1,4,0
16,Washington Commanders, 2020,7,9,0,335,329,3,5,0,4,4,0,4,2,0,5,7,0,2,2,0,3,2,0
17,New York Giants, 2020,6,10,0,280,357,3,5,0,3,5,0,4,2,0,5,7,0,1,3,0,2,3,0
18,Dallas Cowboys, 2020,6,10,0,395,473,4,4,0,2,6,0,2,4,0,5,7,0,1,3,0,3,2,0
19,Philadelphia Eagles, 2020,4,11,1,334,418,3,4,1,1,7,0,2,4,0,4,8,0,0,3,1,1,4,0
20,Green Bay Packers, 2020,13,3,0,509,369,7,1,0,6,2,0,5,1,0,10,2,0,3,1,0,5,0,0
21,Chicago Bears, 2020,8,8,0,372,370,3,5,0,5,3,0,2,4,0,6,6,0,2,2,0,3,2,0
22,Minnesota Vikings, 2020,7,9,0,430,475,3,5,0,4,4,0,4,2,0,5,7,0,2,2,0,2,3,0
23,Detroit Lions, 2020,5,11,0,377,519,1,7,0,4,4,0,1,5,0,4,8,0,1,3,0,1,4,0
24,New Orleans Saints, 2020,12,4,0,482,337,6,2,0,6,2,0,6,0,0,10,2,0,2,2,0,3,2,0
25,Tampa Bay Buccaneers, 2020,11,5,0,492,355,5,3,0,6,2,0,4,2,0,8,4,0,3,1,0,4,1,0
26,Carolina Panthers, 2020,5,11,0,350,402,2,6,0,3,5,0,1,5,0,4,8,0,1,3,0,1,4,0
27,Atlanta Falcons, 2020,4,12,0,396,414,2,6,0,2,6,0,1,5,0,2,10,0,2,2,0,0,5,0
28,Seattle Seahawks, 2020,12,4,0,459,371,7,1,0,5,3,0,4,2,0,9,3,0,3,1,0,4,1,0
29,Los Angeles Rams, 2020,10,6,0,372,296,6,2,0,4,4,0,3,3,0,9,3,0,1,3,0,3,2,0
30,Arizona Cardinals, 2020,8,8,0,410,367,4,4,0,4,4,0,2,4,0,6,6,0,2,2,0,2,3,0
31,San Francisco 49ers, 2020,6,10,0,376,390,1,7,0,5,3,0,3,3,0,4,8,0,2,2,0,1,4,0
0,Buffalo Bills, 2021,11,6,0,483,289,6,3,0,5,3,0,5,1,0,7,5,0,4,1,0,4,1,0
1,New England Patriots, 2021,10,7,0,462,303,4,5,0,6,2,0,3,3,0,8,4,0,2,3,0,2,3,0
2,Miami Dolphins, 2021,9,8,0,341,373,6,3,0,3,5,0,4,2,0,6,6,0,3,2,0,4,1,0
3,New York Jets, 2021,4,13,0,310,504,3,6,0,1,7,0,0,6,0,4,8,0,0,5,0,1,4,0
4,Cincinnati Bengals, 2021,10,7,0,460,376,5,4,0,5,3,0,4,2,0,8,4,0,2,3,0,3,2,0
5,Pittsburgh Steelers, 2021,9,7,1,343,398,6,2,1,3,5,0,4,2,0,7,5,0,2,2,1,3,2,0
6,Cleveland Browns, 2021,8,9,0,349,371,6,3,0,2,6,0,3,3,0,5,7,0,3,2,0,2,3,0
7,Baltimore Ravens, 2021,8,9,0,387,392,5,4,0,3,5,0,1,5,0,5,7,0,3,2,0,0,5,0
8,Tennessee Titans, 2021,12,5,0,419,354,7,2,0,5,3,0,5,1,0,8,4,0,4,1,0,4,1,0
9,Indianapolis Colts, 2021,9,8,0,451,365,4,5,0,5,3,0,3,3,0,7,5,0,2,3,0,3,2,0
10,Houston Texans, 2021,4,13,0,280,452,2,7,0,2,6,0,3,3,0,4,8,0,0,5,0,2,3,0
11,Jacksonville Jaguars, 2021,3,14,0,253,457,3,6,0,0,8,0,1,5,0,3,9,0,0,5,0,1,4,0
12,Kansas City Chiefs, 2021,12,5,0,480,364,7,2,0,5,3,0,5,1,0,7,5,0,5,0,0,4,1,0
13,Las Vegas Raiders, 2021,10,7,0,374,439,5,4,0,5,3,0,3,3,0,8,4,0,2,3,0,4,1,0
14,Los Angeles Chargers, 2021,9,8,0,474,459,5,4,0,4,4,0,3,3,0,6,6,0,3,2,0,2,3,0
15,Denver Broncos, 2021,7,10,0,335,322,4,5,0,3,5,0,1,5,0,3,9,0,4,1,0,1,4,0
16,Dallas Cowboys, 2021,12,5,0,530,358,5,3,0,7,2,0,6,0,0,10,2,0,2,3,0,4,1,0
17,Philadelphia Eagles, 2021,9,8,0,444,385,3,5,0,6,3,0,3,3,0,7,5,0,2,3,0,4,1,0
18,Washington Commanders, 2021,7,10,0,335,434,3,5,0,4,5,0,2,4,0,6,6,0,1,4,0,1,4,0
19,New York Giants, 2021,4,13,0,258,416,3,5,0,1,8,0,1,5,0,3,9,0,1,4,0,0,5,0
20,Green Bay Packers, 2021,13,4,0,450,371,8,0,0,5,4,0,4,2,0,9,3,0,4,1,0,4,1,0
21,Minnesota Vikings, 2021,8,9,0,425,426,5,3,0,3,6,0,4,2,0,6,6,0,2,3,0,3,2,0
22,Chicago Bears, 2021,6,11,0,311,407,3,5,0,3,6,0,2,4,0,4,8,0,2,3,0,2,3,0
23,Detroit Lions, 2021,3,13,1,325,467,3,5,0,0,8,1,2,4,0,3,9,0,0,4,1,2,3,0
24,Tampa Bay Buccaneers, 2021,13,4,0,511,353,7,1,0,6,3,0,4,2,0,8,4,0,5,0,0,4,1,0
25,New Orleans Saints, 2021,9,8,0,364,335,3,5,0,6,3,0,4,2,0,7,5,0,2,3,0,4,1,0
26,Atlanta Falcons, 2021,7,10,0,313,459,2,6,0,5,4,0,2,4,0,4,8,0,3,2,0,2,3,0
27,Carolina Panthers, 2021,5,12,0,304,404,2,6,0,3,6,0,2,4,0,3,9,0,2,3,0,0,5,0
28,Los Angeles Rams, 2021,12,5,0,460,372,5,3,0,7,2,0,3,3,0,8,4,0,4,1,0,4,1,0
29,Arizona Cardinals, 2021,11,6,0,449,366,3,5,0,8,1,0,4,2,0,7,5,0,4,1,0,1,4,0
30,San Francisco 49ers, 2021,10,7,0,427,365,4,4,0,6,3,0,2,4,0,7,5,0,3,2,0,4,1,0
31,Seattle Seahawks, 2021,7,10,0,395,366,3,5,0,4,5,0,3,3,0,4,8,0,3,2,0,3,2,0
